suite,test_id,area,test,expected,actual,outcome
"M2 — RLS and negative tests","PC-01","Positive control","A reads own assessments","at least 1 row","2 rows","PASS"
"M2 — RLS and negative tests","PC-02","Positive control","A reads own answers","at least 1 row","3 rows","PASS"
"M2 — RLS and negative tests","PC-03","Positive control","A reads own score values","at least 1 row","1 rows","PASS"
"M2 — RLS and negative tests","PC-04","Positive control","A reads own report status","at least 1 row","1 rows","PASS"
"M2 — RLS and negative tests","PC-05","Positive control","A autosaves an answer on own in-progress assessment","at least 1 row changed (rolled back)","1 rows changed (rolled back)","PASS"
"M2 — RLS and negative tests","PC-06","Positive control","Admin reads assessment status (staff policy)","at least 1 row","2 rows","PASS"
"M2 — RLS and negative tests","AN-01","Anonymous","reads assessments","0 rows (or refused)","refused: permission denied for table assessments","PASS"
"M2 — RLS and negative tests","AN-02","Anonymous","reads answers","0 rows (or refused)","refused: permission denied for table responses","PASS"
"M2 — RLS and negative tests","AN-03","Anonymous","reads scores","0 rows (or refused)","refused: permission denied for table scores","PASS"
"M2 — RLS and negative tests","AN-04","Anonymous","reads reports","0 rows (or refused)","refused: permission denied for table reports","PASS"
"M2 — RLS and negative tests","AN-05","Anonymous","creates an assessment","refused (or 0 rows)","refused: permission denied for table assessments","PASS"
"M2 — RLS and negative tests","XU-01","Cross-user","B reads A's assessments","0 rows (or refused)","0 rows","PASS"
"M2 — RLS and negative tests","XU-02","Cross-user","B reads A's answers","0 rows (or refused)","0 rows","PASS"
"M2 — RLS and negative tests","XU-03","Cross-user","B reads A's scores","0 rows (or refused)","0 rows","PASS"
"M2 — RLS and negative tests","XU-04","Cross-user","B reads A's report","0 rows (or refused)","0 rows","PASS"
"M2 — RLS and negative tests","XU-05","Cross-user","B reads A's consents","0 rows (or refused)","0 rows","PASS"
"M2 — RLS and negative tests","XU-06","Cross-user","B reads A's profile","0 rows (or refused)","0 rows","PASS"
"M2 — RLS and negative tests","XU-07","Cross-user","B changes A's in-progress assessment","refused (or 0 rows)","0 rows changed (rolled back)","PASS"
"M2 — RLS and negative tests","XU-08","Cross-user","B changes A's answer","refused (or 0 rows)","0 rows changed (rolled back)","PASS"
"M2 — RLS and negative tests","XU-09","Cross-user","B writes an answer into A's assessment","refused (or 0 rows)","refused: new row violates row-level security policy for table ""responses""","PASS"
"M2 — RLS and negative tests","XU-10","Cross-user","B deletes A's answer","refused (or 0 rows)","0 rows changed (rolled back)","PASS"
"M2 — RLS and negative tests","XU-11","Cross-user","B creates an assessment owned by A","refused (or 0 rows)","refused: new row violates row-level security policy for table ""assessments""","PASS"
"M2 — RLS and negative tests","XU-12","Cross-user","B changes A's display name","refused (or 0 rows)","0 rows changed (rolled back)","PASS"
"M2 — RLS and negative tests","BR-01","Browser role","A creates a score row for own submitted assessment","refused (or 0 rows)","refused: permission denied for table scores","PASS"
"M2 — RLS and negative tests","BR-02","Browser role","A changes own score","refused (or 0 rows)","refused: permission denied for table scores","PASS"
"M2 — RLS and negative tests","BR-03","Browser role","A deletes own score","refused (or 0 rows)","refused: permission denied for table scores","PASS"
"M2 — RLS and negative tests","BR-04","Browser role","A creates a report","refused (or 0 rows)","refused: permission denied for table reports","PASS"
"M2 — RLS and negative tests","BR-05","Browser role","A changes own report","refused (or 0 rows)","refused: permission denied for table reports","PASS"
"M2 — RLS and negative tests","BR-06","Browser role","A writes an audit record","refused (or 0 rows)","refused: permission denied for table audit_logs","PASS"
"M2 — RLS and negative tests","BR-07","Browser role","A reads the audit trail","0 rows (or refused)","0 rows","PASS"
"M2 — RLS and negative tests","BR-08","Browser role","A grants themselves Super Admin","refused (or 0 rows)","refused: permission denied for table role_assignments","PASS"
"M2 — RLS and negative tests","BR-09","Browser role","A marks own assessment submitted directly","refused (or 0 rows)","refused: new row violates row-level security policy for table ""assessments""","PASS"
"M2 — RLS and negative tests","BR-10","Browser role","A changes an answer after submission","refused (or 0 rows)","0 rows changed (rolled back)","PASS"
"M2 — RLS and negative tests","BR-11","Browser role","A adds an answer after submission","refused (or 0 rows)","refused: answers for a submitted assessment are a final record and cannot be changed (assessment 0000000e-0000-4000-8000-0000000000a2)","PASS"
"M2 — RLS and negative tests","BR-12","Browser role","A re-opens own submitted assessment","refused (or 0 rows)","0 rows changed (rolled back)","PASS"
"M2 — RLS and negative tests","BR-13","Browser role","A changes the questionnaire version of own assessment","refused","refused: profile_id, started_at and questionnaire_version are immutable (assessment 0000000e-0000-4000-8000-0000000000a1)","PASS"
"M2 — RLS and negative tests","BR-14","Browser role","A sets the recorded source version (M2 item 7)","refused","refused: source_versions is recorded once by the server and cannot be changed (assessment 0000000e-0000-4000-8000-0000000000a1)","PASS"
"M2 — RLS and negative tests","BR-15","Browser role","A changes own profile email or status","refused","refused: permission denied for table profiles","PASS"
"M2 — RLS and negative tests","BR-16","Browser role","A deletes own assessment","refused (or 0 rows)","refused: permission denied for table assessments","PASS"
"M2 — RLS and negative tests","PV-01","Privacy","A reads own scores.calculation_trace","refused","refused: permission denied for table scores","PASS"
"M2 — RLS and negative tests","PV-02","Privacy","A reads own reports.canonical_json","refused","refused: permission denied for table reports","PASS"
"M2 — RLS and negative tests","PV-03","Privacy","A reads own reports.generation_metadata","refused","refused: permission denied for table reports","PASS"
"M2 — RLS and negative tests","CR-01","Cross-role","Admin reads participants' raw answers","0 rows (or refused)","0 rows","PASS"
"M2 — RLS and negative tests","CR-02","Cross-role","Admin reads scores.calculation_trace","refused","refused: permission denied for table scores","PASS"
"M2 — RLS and negative tests","CR-03","Cross-role","Admin reads reports.canonical_json","refused","refused: permission denied for table reports","PASS"
"M2 — RLS and negative tests","CR-04","Cross-role","Admin changes a score","refused (or 0 rows)","refused: permission denied for table scores","PASS"
"M2 — RLS and negative tests","CR-05","Cross-role","Admin changes a participant's assessment","refused (or 0 rows)","0 rows changed (rolled back)","PASS"
"M2 — RLS and negative tests","CR-06","Cross-role","Admin grants a role through the API","refused (or 0 rows)","refused: permission denied for table role_assignments","PASS"
"M2 — RLS and negative tests","CR-07","Cross-role","Admin reads research exports","refused","refused: permission denied for table research_exports","PASS"
"M2 — RLS and negative tests","CR-08","Cross-role","Admin reads deletion requests","refused","refused: permission denied for table data_requests","PASS"
"M2 — RLS and negative tests","CR-09","Cross-role","Expired Admin reads participants' assessments","0 rows (or refused)","0 rows","PASS"
"M2 — RLS and negative tests","CR-10","Cross-role","Expired Admin reads participants' scores","0 rows (or refused)","0 rows","PASS"
"M2 — RLS and negative tests","IN-01","Integrity","Change a stored score (any role)","refused","refused: scores are the record of a submitted assessment and cannot be changed (assessment 0000000e-0000-4000-8000-0000000000a2)","PASS"
"M2 — RLS and negative tests","IN-02","Integrity","Change a submitted answer (any role)","refused","refused: answers for a submitted assessment are a final record and cannot be changed (assessment 0000000e-0000-4000-8000-0000000000a2)","PASS"
"M2 — RLS and negative tests","IN-03","Integrity","Re-open a submitted assessment (any role)","refused","refused: a submitted assessment is a final record and cannot be changed (assessment 0000000e-0000-4000-8000-0000000000a2)","PASS"
"M2 — RLS and negative tests","IN-04","Integrity","Rewrite a generated report (any role)","refused","refused: a generated report is a final record and its content cannot be changed (report f802f126-12b6-4c78-9f85-f2e250c5dbc5)","PASS"
"M2 — RLS and negative tests","IN-06","Integrity","Delete a submitted assessment (any role)","refused","refused: assessments are retained and cannot be deleted (id 0000000e-0000-4000-8000-0000000000a2)","PASS"
"M2 — RLS and negative tests","IN-05","Integrity","Delete an audit record (any role)","refused","refused: audit_logs records are append-only and cannot be delete (id 0000000e-0000-4000-8000-0000000000f5)","PASS"
"M2 — RLS and negative tests","IN-07","Integrity","Change a recorded source version (any role)","refused","refused: source_versions is recorded once by the server and cannot be changed (assessment 0000000e-0000-4000-8000-0000000000a1)","PASS"
"M2 — RLS and negative tests","SCH-01","Schema","assessments.source_versions and scores.source_versions exist (M2 item 7)","2 columns","2 columns","PASS"
"M2 — RLS and negative tests","SCH-02","Schema","signed-in users hold no write privilege on scores, reports, audit_logs, role_assignments","none","none","PASS"
"M2 — RLS and negative tests","RLS-01","RLS enabled","assessments","true","true","PASS"
"M2 — RLS and negative tests","RLS-02","RLS enabled","audit_logs","true","true","PASS"
"M2 — RLS and negative tests","RLS-03","RLS enabled","consents","true","true","PASS"
"M2 — RLS and negative tests","RLS-04","RLS enabled","data_requests","true","true","PASS"
"M2 — RLS and negative tests","RLS-05","RLS enabled","profiles","true","true","PASS"
"M2 — RLS and negative tests","RLS-06","RLS enabled","reports","true","true","PASS"
"M2 — RLS and negative tests","RLS-07","RLS enabled","research_exports","true","true","PASS"
"M2 — RLS and negative tests","RLS-08","RLS enabled","responses","true","true","PASS"
"M2 — RLS and negative tests","RLS-09","RLS enabled","role_assignments","true","true","PASS"
"M2 — RLS and negative tests","RLS-10","RLS enabled","scores","true","true","PASS"
"M2 — RLS and negative tests","RLS-11","RLS enabled","scoring_config","true","true","PASS"
"M2 — RLS and negative tests","CLEANUP","Housekeeping","test accounts and their data removed","0 rows left","0 rows left","PASS"
"M3 — AI boundary grants","PC-01","Positive control","service_role writes an audit record","at least 1 row changed (rolled back)","1 rows changed (rolled back)","PASS"
"M3 — AI boundary grants","PC-02","Positive control","service_role updates a report row","at least 1 row changed (rolled back)","1 rows changed (rolled back)","PASS"
"M3 — AI boundary grants","AI-03-01","AI write prevention","narrative updates a score","refused","refused: permission denied for table scores","PASS"
"M3 — AI boundary grants","AI-03-02","AI write prevention","narrative updates a driver","refused","refused: permission denied for table scores","PASS"
"M3 — AI boundary grants","AI-03-03","AI write prevention","narrative inserts a score row","refused","refused: permission denied for table scores","PASS"
"M3 — AI boundary grants","AI-03-04","AI write prevention","narrative deletes a score row","refused","refused: permission denied for table scores","PASS"
"M3 — AI boundary grants","AI-03-05","AI write prevention","narrative rewrites the canonical report","refused","refused: permission denied for table reports","PASS"
"M3 — AI boundary grants","AI-03-06","AI write prevention","narrative inserts a report","refused","refused: permission denied for table reports","PASS"
"M3 — AI boundary grants","AI-03-07","AI write prevention","narrative changes an answer","refused","refused: permission denied for table responses","PASS"
"M3 — AI boundary grants","AI-03-08","AI write prevention","narrative changes assessment status","refused","refused: permission denied for table assessments","PASS"
"M3 — AI boundary grants","AI-03-09","AI write prevention","narrative writes an audit record","refused","refused: permission denied for table audit_logs","PASS"
"M3 — AI boundary grants","AI-01-01","AI read boundary","narrative reads raw answers","refused","refused: permission denied for table responses","PASS"
"M3 — AI boundary grants","AI-01-02","AI read boundary","narrative reads the scoring trace (per-question points)","refused","refused: permission denied for table scores","PASS"
"M3 — AI boundary grants","AI-01-03","AI read boundary","narrative reads the canonical report (answer snapshot)","refused","refused: permission denied for table reports","PASS"
"M3 — AI boundary grants","AI-01-04","AI read boundary","narrative reads participant identity","refused","refused: permission denied for table profiles","PASS"
"M3 — AI boundary grants","AI-01-05","AI read boundary","narrative reads the audit trail","refused","refused: permission denied for table audit_logs","PASS"
"M3 — AI boundary grants","AI-01-06","AI read boundary","narrative reads assessments","refused","refused: permission denied for table assessments","PASS"
"M3 — AI boundary grants","AI-01-07","AI read boundary","narrative reads consents","refused","refused: permission denied for table consents","PASS"
"M3 — AI boundary grants","AI-01-08","AI read boundary","narrative reads research exports","refused","refused: permission denied for table research_exports","PASS"
"M3 — AI boundary grants","AI-01-09","AI read boundary","narrative reads granted score columns (RLS admits no rows)","0 rows (or refused)","0 rows","PASS"
"M3 — AI boundary grants","GR-01","Grants","roots_ai_narrative role exists and cannot log in","true","true","PASS"
"M3 — AI boundary grants","GR-02","Grants","no INSERT/UPDATE/DELETE granted anywhere","true","true","PASS"
"M3 — AI boundary grants","GR-03","Grants","no answer-bearing column is readable","true","true","PASS"
"M3 — AI boundary grants","GR-04","Grants","only public.scores is reachable at all","true","true","PASS"
"M3 — AI boundary grants","CLEANUP","Housekeeping","test account and its data removed","0 rows left","0 rows left","PASS"